trial_id,task_id,condition,turn_limit,status,files_modified,prompt_eval_count,eval_count,total_tokens
AGENT-TASK-01_rcir_turn5_rep1,AGENT-TASK-01,rcir,,,0,0,0,0
AGENT-TASK-01_baseline_turn5_rep1,AGENT-TASK-01,baseline,,,0,0,0,0
AGENT-TASK-01_rcir_turn8_rep1,AGENT-TASK-01,rcir,,,0,0,0,0
AGENT-TASK-01_baseline_turn8_rep1,AGENT-TASK-01,baseline,,,0,0,0,0
AGENT-TASK-02_rcir_turn5_rep1,AGENT-TASK-02,rcir,,,0,0,0,0
AGENT-TASK-02_baseline_turn5_rep1,AGENT-TASK-02,baseline,,,0,0,0,0
AGENT-TASK-02_rcir_turn8_rep1,AGENT-TASK-02,rcir,,,0,0,0,0
AGENT-TASK-02_baseline_turn8_rep1,AGENT-TASK-02,baseline,,,0,0,0,0
AGENT-TASK-03_rcir_turn5_rep1,AGENT-TASK-03,rcir,,,0,0,0,0
AGENT-TASK-03_baseline_turn5_rep1,AGENT-TASK-03,baseline,,,0,0,0,0
AGENT-TASK-03_rcir_turn8_rep1,AGENT-TASK-03,rcir,,,0,0,0,0
AGENT-TASK-03_baseline_turn8_rep1,AGENT-TASK-03,baseline,,,0,0,0,0
AGENT-TASK-04_rcir_turn5_rep1,AGENT-TASK-04,rcir,,,0,0,0,0
AGENT-TASK-04_baseline_turn5_rep1,AGENT-TASK-04,baseline,,,0,0,0,0
AGENT-TASK-04_rcir_turn8_rep1,AGENT-TASK-04,rcir,,,0,0,0,0
AGENT-TASK-04_baseline_turn8_rep1,AGENT-TASK-04,baseline,,,0,0,0,0
AGENT-TASK-05_rcir_turn5_rep1,AGENT-TASK-05,rcir,,,0,0,0,0
AGENT-TASK-05_baseline_turn5_rep1,AGENT-TASK-05,baseline,,,0,0,0,0
AGENT-TASK-05_rcir_turn8_rep1,AGENT-TASK-05,rcir,,,0,0,0,0
AGENT-TASK-05_baseline_turn8_rep1,AGENT-TASK-05,baseline,,,0,0,0,0
